{
  "youtube": "https://www.youtube.com/c/alymaforstore",
  "facebook": "https://www.facebook.com/paraseunegocio",
  "phone": "11954008867",
  "doc_number": "11130278000108",
  "whatsapp": "11954008867",
  "instagram": "https://www.instagram.com/alyma.com.br/",
  "twitter": "https://whatsapp.com/channel/0029VaGSPNTJ93wZoBOyeR3j",
  "address": "Rua Angelo Camata",
  "tiktok": "",
  "pinterest": "https://br.pinterest.com/paraseunegocio/",
  "email": "contato@alyma.com.br",
  "linkedin": "https://www.linkedin.com/in/camila-suda/"
}