{
  "meta_title": "",
  "meta_description": "",
  "sections": [
    {
      "type": "banner-slider",
      "autoplay": 9000,
      "full_width": true,
      "slides": [
        {
          "img": "/img/uploads/banner2.webp",
          "link": "https://alyma.netlify.app/vestidos",
          "alt": "Sale ",
          "start": "2024-07-15T03:36:33.261Z",
          "end": "",
          "mobile_img": "/img/uploads/headphone.webp"
        },
        {
          "start": "",
          "end": "",
          "img": "/img/uploads/banner2.webp",
          "alt": "Banner sample two",
          "mobile_img": "/img/uploads/passion.webp"
        }
      ]
    },
    {
      "type": "banners-grid",
      "banners": [
        {
          "img": "/img/uploads/headphone.webp"
        },
        {
          "img": "/img/uploads/headphone.webp"
        },
        {
          "img": "/img/uploads/headphone.webp"
        }
      ]
    },
    {
      "page": 1,
      "title": "Coleção Verão 2025 - veja mais ",
      "shuffle": false,
      "headless": false,
      "type": "collection-shelf",
      "link": "https://alyma.netlify.app/colecao-exclusiva",
      "limit": 12,
      "collection_id": "6647f3c1f4e6d85ab28a2666:collections:Coleção Verão 2025:/colecao-exclusiva",
      "sort": "news"
    },
    {
      "type": "dynamic-showcase",
      "load_more": false,
      "sort": "views"
    },
    {
      "type": "info-bar",
      "enabled": true
    }
  ]
}